ID,Type,SKU,"GTIN, UPC, EAN, or ISBN",Name,Published,"Is featured?","Visibility in catalog","Short description",Description,"Date sale price starts","Date sale price ends","Tax status","Tax class","In stock?",Stock,"Low stock amount","Backorders allowed?","Sold individually?","Weight (kg)","Length (cm)","Width (cm)","Height (cm)","Allow customer reviews?","Purchase note","Sale price","Regular price",Categories,Tags,"Shipping class",Images,"Download limit","Download expiry days",Parent,"Grouped products",Upsells,Cross-sells,"External URL","Button text",Position,Brands,"Attribute 1 name","Attribute 1 value(s)","Attribute 1 visible","Attribute 1 global","Attribute 1 default","Attribute 2 name","Attribute 2 value(s)","Attribute 2 visible","Attribute 2 global"
19,simple,,,Babagannus,1,0,visible,"<span data-sheets-value=""{&quot;1&quot;:2,&quot;2&quot;:&quot;Aubergine, tomato, green and red pepper,n onion, parsley&quot;}"" data-sheets-userformat=""{&quot;2&quot;:15233,&quot;3&quot;:{&quot;1&quot;:0},&quot;10&quot;:2,&quot;11&quot;:0,&quot;12&quot;:0,&quot;14&quot;:{&quot;1&quot;:2,&quot;2&quot;:0},&quot;15&quot;:&quot;Helvetica, sans-serif&quot;,&quot;16&quot;:9}"">Aubergine, tomato, green and red pepper, onion, parsley</span>","Wikipedia:\n\n<b>Baba ghanoush</b> (<span class=""rt-commentedText nowrap""><small><a title=""British English"" href=""https://en.wikipedia.org/wiki/British_English"">UK</a>: </small><span class=""IPA nopopups noexcerpt""><a title=""Help:IPA/English"" href=""https://en.wikipedia.org/wiki/Help:IPA/English"">/<span title=""/ˌ/: secondary stress follows"">ˌ</span><span title=""'b' in 'buy'"">b</span><span title=""/ɑː/: 'a' in 'father'"">ɑː</span><span title=""'b' in 'buy'"">b</span><span title=""/ə/: 'a' in 'about'"">ə</span><span class=""wrap""> </span><span title=""/ɡ/: 'g' in 'guy'"">ɡ</span><span title=""/æ/: 'a' in 'bad'"">æ</span><span title=""/ˈ/: primary stress follows"">ˈ</span><span title=""'n' in 'nigh'"">n</span><span title=""/uː/: 'oo' in 'goose'"">uː</span><span title=""/ʃ/: 'sh' in 'shy'"">ʃ</span>/</a></span></span>, <span class=""rt-commentedText nowrap""><small><a title=""American English"" href=""https://en.wikipedia.org/wiki/American_English"">US</a>: </small><span class=""IPA nopopups noexcerpt""><a title=""Help:IPA/English"" href=""https://en.wikipedia.org/wiki/Help:IPA/English"">/-<span class=""wrap""> </span><span title=""/ɡ/: 'g' in 'guy'"">ɡ</span><span title=""/ə/: 'a' in 'about'"">ə</span><span title=""/ˈ/: primary stress follows"">ˈ</span><span title=""'n' in 'nigh'"">n</span><span title=""/uː/: 'oo' in 'goose'"">uː</span><span title=""/ʃ/: 'sh' in 'shy'"">ʃ</span>,<span class=""wrap""> </span>-<span class=""wrap""> </span><span title=""/ɡ/: 'g' in 'guy'"">ɡ</span><span title=""/ə/: 'a' in 'about'"">ə</span><span title=""/ˈ/: primary stress follows"">ˈ</span><span title=""'n' in 'nigh'"">n</span><span title=""/uː/: 'oo' in 'goose'"">uː</span><span title=""/ʒ/: 's' in 'pleasure'"">ʒ</span>/</a></span></span>;<sup id=""cite_ref-AHD_3-0"" class=""reference""><a href=""https://en.wikipedia.org/wiki/Baba_ghanoush#cite_note-AHD-3"">[3]</a></sup><sup id=""cite_ref-OED_4-0"" class=""reference""><a href=""https://en.wikipedia.org/wiki/Baba_ghanoush#cite_note-OED-4"">[4]</a></sup><sup id=""cite_ref-Webster_5-0"" class=""reference""><a href=""https://en.wikipedia.org/wiki/Baba_ghanoush#cite_note-Webster-5"">[5]</a></sup> <a class=""mw-redirect"" title=""Arabic language"" href=""https://en.wikipedia.org/wiki/Arabic_language"">Arabic</a>: <span dir=""rtl"" lang=""ar"">بابا غنوج</span>‎, <small><a title=""Romanization of Arabic"" href=""https://en.wikipedia.org/wiki/Romanization_of_Arabic"">romanized</a>: </small><i lang=""ar-Latn"" title=""Arabic-language romanization"">bābā ġannūj</i>), also spelled <b>baba ganoush</b> or <b>baba ghanouj</b>,<sup id=""cite_ref-AHD_3-1"" class=""reference""><a href=""https://en.wikipedia.org/wiki/Baba_ghanoush#cite_note-AHD-3"">[3]</a></sup><sup id=""cite_ref-OED_4-1"" class=""reference""><a href=""https://en.wikipedia.org/wiki/Baba_ghanoush#cite_note-OED-4"">[4]</a></sup><sup id=""cite_ref-Webster_5-1"" class=""reference""><a href=""https://en.wikipedia.org/wiki/Baba_ghanoush#cite_note-Webster-5"">[5]</a></sup><sup id=""cite_ref-Marks_1-1"" class=""reference""><a href=""https://en.wikipedia.org/wiki/Baba_ghanoush#cite_note-Marks-1"">[1]</a></sup> is a <a title=""Levantine cuisine"" href=""https://en.wikipedia.org/wiki/Levantine_cuisine"">Levantine appetizer</a> of <a title=""Lebanese cuisine"" href=""https://en.wikipedia.org/wiki/Lebanese_cuisine"">Lebanese</a> origin consisting of mashed cooked <a title=""Eggplant"" href=""https://en.wikipedia.org/wiki/Eggplant"">eggplant</a>, <a title=""Olive oil"" href=""https://en.wikipedia.org/wiki/Olive_oil"">olive oil</a>, <a class=""mw-redirect"" title=""Lemon juice"" href=""https://en.wikipedia.org/wiki/Lemon_juice"">lemon juice</a>, various <a class=""mw-redirect"" title=""Seasonings"" href=""https://en.wikipedia.org/wiki/Seasonings"">seasonings</a>, and sometimes <a title=""Tahini"" href=""https://en.wikipedia.org/wiki/Tahini"">tahini</a>.<sup id=""cite_ref-Webster_5-2"" class=""reference""><a href=""https://en.wikipedia.org/wiki/Baba_ghanoush#cite_note-Webster-5"">[5]</a></sup><sup id=""cite_ref-Marks_1-2"" class=""reference""><a href=""https://en.wikipedia.org/wiki/Baba_ghanoush#cite_note-Marks-1"">[1]</a></sup><sup id=""cite_ref-6"" class=""reference""><a href=""https://en.wikipedia.org/wiki/Baba_ghanoush#cite_note-6"">[6]</a></sup> It may be served with onions, tomatoes, or other vegetables. The eggplant is traditionally <a class=""mw-redirect"" title=""Baked"" href=""https://en.wikipedia.org/wiki/Baked"">baked</a> or <a class=""mw-redirect"" title=""Broiled"" href=""https://en.wikipedia.org/wiki/Broiled"">broiled</a> over an <a class=""mw-redirect"" title=""Open flame"" href=""https://en.wikipedia.org/wiki/Open_flame"">open flame</a> before peeling, so that the pulp is soft and has a <a class=""mw-redirect"" title=""Smoke flavor"" href=""https://en.wikipedia.org/wiki/Smoke_flavor"">smoky taste</a>.<sup id=""cite_ref-7"" class=""reference""><a href=""https://en.wikipedia.org/wiki/Baba_ghanoush#cite_note-7"">[7]</a></sup> It is a typical <i><a title=""Meze"" href=""https://en.wikipedia.org/wiki/Meze"">meze</a></i> ('starter') of the regional cuisine, often served as a side to a main meal and as a <a class=""mw-redirect"" title=""Dip (food)"" href=""https://en.wikipedia.org/wiki/Dip_(food)"">dip</a> for <a title=""Pita"" href=""https://en.wikipedia.org/wiki/Pita"">pita</a> bread.<sup id=""cite_ref-Marks_1-3"" class=""reference""><a href=""https://en.wikipedia.org/wiki/Baba_ghanoush#cite_note-Marks-1"">[</a></sup>",,,taxable,,1,,,0,0,,,,,0,,,19,Mezeler,,,https://mezzesalade.nl/wp-content/uploads/2021/09/babagannus-e1632641687202.jpg,,,,,,,,,0,,Size,"Small, Standard, Large",1,0,,,,,
67,simple,,,"Mercimekli Kofte",1,0,visible,,,,,taxable,,1,,,0,0,0.5,,,,0,,,18,Mezeler,Meze,,https://mezzesalade.nl/wp-content/uploads/2021/10/14fd640e-cc0a-4ff9-9bd0-4af71ace2566.jpg,,,,,,,,,0,,,,,,,,,,
69,simple,,,Mucver,1,0,visible,,,,,taxable,,1,,,0,0,0.5,,,,0,,,20,Mezeler,,,https://mezzesalade.nl/wp-content/uploads/2023/10/Mucver.jpeg,,,,,,,,,0,,,,,,,,,,
70,simple,,,"Sigara Boregi",1,0,visible,,"<ul>\n 	<li><strong>Türkçe:</strong> İnce yufka hamuru ile hazırlanan ve içinde taze beyaz peynir bulunan sigara böreği, çıtır ve lezzetli bir atıştırmalıktır. İnce ve hafif yapısı ile sigara böreği, çay saatlerinizin vazgeçilmezidir.</li>\n</ul>\n&nbsp;\n<ul>\n 	<li><strong>English:</strong> Prepared with thin phyllo dough and filled with fresh white cheese, cigar börek is a crispy and tasty snack. With its thin and light structure, cigar börek is an indispensable part of your tea times.</li>\n</ul>",,,taxable,,1,,,0,0,0.5,,,,0,,,18,"Börek Pogaca",Meze,,https://mezzesalade.nl/wp-content/uploads/2021/09/Sigara-Boregi.png,,,,,,,,,0,,,,,,,,,,
71,simple,,,"Zeytinyaglı Yesil Fasulye",1,0,visible,,"<span data-sheets-value=""{&quot;1&quot;:2,&quot;2&quot;:&quot;Green Bean, tomato, onion, olive oil.&quot;}"" data-sheets-userformat=""{&quot;2&quot;:15233,&quot;3&quot;:{&quot;1&quot;:0},&quot;10&quot;:2,&quot;11&quot;:0,&quot;12&quot;:0,&quot;14&quot;:{&quot;1&quot;:2,&quot;2&quot;:0},&quot;15&quot;:&quot;Helvetica, sans-serif&quot;,&quot;16&quot;:9}"">Green Bean, tomato, onion, olive oil.</span>",,,taxable,,1,,,0,0,0.5,,,,0,,,18,"Zeytinyağli Yemekler",Meze,,https://mezzesalade.nl/wp-content/uploads/2021/09/Yesil-Fasulye-Green-Bean-with-olive-oil.jpg,,,,,,,,,0,,,,,,,,,,
73,simple,,,Haydari,1,0,visible,"<span data-sheets-value=""{&quot;1&quot;:2,&quot;2&quot;:&quot;Yogurt, white cheese, olive oil&quot;}"" data-sheets-userformat=""{&quot;2&quot;:15233,&quot;3&quot;:{&quot;1&quot;:0},&quot;10&quot;:2,&quot;11&quot;:0,&quot;12&quot;:0,&quot;14&quot;:{&quot;1&quot;:2,&quot;2&quot;:0},&quot;15&quot;:&quot;Helvetica, sans-serif&quot;,&quot;16&quot;:9}"">Yogurt, white cheese, olive oil</span>","<b>Haydari</b> is a type of yogurt dish similar to a thick <i><a class=""mw-redirect"" title=""Cacık"" href=""https://en.wikipedia.org/wiki/Cac%C4%B1k"">cacık</a></i>, made from certain herbs and spices, combined with garlic and yogurt. It differs from cacık in that the recipe contains no <a title=""Cucumber"" href=""https://en.wikipedia.org/wiki/Cucumber"">cucumber</a> and calls for strained yogurt or <i><a class=""mw-redirect"" title=""Labne"" href=""https://en.wikipedia.org/wiki/Labne"">labne</a></i>. It is served purely as a <i><a title=""Meze"" href=""https://en.wikipedia.org/wiki/Meze"">meze</a></i>, being more pungently appetizing - by virtue of being saltier, more acidic and of a thicker consistency - than cacık.<sup id=""cite_ref-1"" class=""reference""><a href=""https://en.wikipedia.org/wiki/Haydari#cite_note-1"">[1]</a></sup>",,,taxable,,1,,,0,0,0.5,,,,0,,,18,Mezeler,,,https://mezzesalade.nl/wp-content/uploads/2021/09/Haydari-scaled.jpeg,,,,,,,,,0,,,,,,,,,,
74,simple,,,Fava,1,0,visible,,"<img class=""alignnone size-medium wp-image-46"" src=""https://mezzesalade.nl/wp-content/uploads/2021/09/Fava-300x222.jpeg"" alt="""" width=""300"" height=""222"" /> <img class=""alignnone size-medium wp-image-448"" src=""https://mezzesalade.nl/wp-content/uploads/2021/11/Screenshot-2021-11-22-at-22.35.06-239x300.png"" alt="""" width=""239"" height=""300"" />Broad Bean, onion, dil\n\n&nbsp;",,,taxable,,1,,,0,0,0.5,,,,0,,,17,Mezeler,,,https://mezzesalade.nl/wp-content/uploads/2021/11/Screenshot-2021-11-22-at-22.35.06.png,,,,,,,,,0,,,,,,,,,,
76,simple,,,"Cerkez Tavugu",1,0,visible,,"Chicken, walnut, crumbs bread, garlic",,,taxable,,1,,,0,0,0.5,,,,0,,,20,Mezeler,,,https://mezzesalade.nl/wp-content/uploads/2023/01/Cerkez-Tavugu-e1696679782548.jpeg,,,,,,,,,0,,,,,,,,,,
77,simple,,,"Patates Salatasi",1,0,visible,,"<span data-sheets-value=""{&quot;1&quot;:2,&quot;2&quot;:&quot;Potato, onion, corn, parsley, olive oil&quot;}"" data-sheets-userformat=""{&quot;2&quot;:15233,&quot;3&quot;:{&quot;1&quot;:0},&quot;10&quot;:2,&quot;11&quot;:0,&quot;12&quot;:0,&quot;14&quot;:{&quot;1&quot;:2,&quot;2&quot;:0},&quot;15&quot;:&quot;Helvetica, sans-serif&quot;,&quot;16&quot;:9}"">Potato, onion, corn, parsley, olive oil</span>",,,taxable,,1,,,0,0,0.5,,,,0,,,17,Salatalar,,,https://mezzesalade.nl/wp-content/uploads/2021/09/Patates-Salatasi-Potato-Salad.jpeg,,,,,,,,,0,,,,,,,,,,
78,simple,,,"Sebzeli Kereviz",1,0,visible,,,,,taxable,,1,,,0,0,0.5,,,,0,,,17,"Zeytinyağli Yemekler",,,https://mezzesalade.nl/wp-content/uploads/2021/09/Kereviz-Celery-with-olive-oil.png,,,,,,,,,0,,,,,,,,,,
83,simple,,,Muhammara,1,0,visible,,,,,taxable,,1,,,0,0,0.5,,,,0,,,18,Mezeler,,,https://mezzesalade.nl/wp-content/uploads/2023/01/Muhammara-e1696679568682.jpeg,,,,,,,,,0,,,,,,,,,,
84,variable,,,"Kuru Dolma",1,0,visible,,"<strong>Etli Kuru Dolma (Meaty Dried Stuffed Vegetables):</strong>\n<ul>\n 	<li>Türkçe: Kıyma ve pirinç ile doldurulmuş, baharatlarla zenginleştirilmiş, kurutulmuş biber veya patlıcan içinde sunulan geleneksel bir Türk yemeğidir.</li>\n 	<li>English: A traditional Turkish dish served in dried peppers or eggplants, filled with ground meat and rice, enriched with spices.</li>\n</ul>\n<strong>Zeytinyağlı Kuru Dolma (Olive Oil Dried Stuffed Vegetables):</strong>\n<ul>\n 	<li>Türkçe: Pirinç ve çeşitli baharatlarla doldurulan, zeytinyağı ile zenginleştirilmiş, kurutulmuş biber veya patlıcan içinde sunulan vejetaryen bir Türk yemeğidir.</li>\n 	<li>English: A vegetarian Turkish dish served in dried peppers or eggplants, filled with rice and various spices, enriched with olive oil.</li>\n</ul>",,,taxable,,1,,,0,0,,,,,0,,,,"Dolma Sarma",Meze,,https://mezzesalade.nl/wp-content/uploads/2023/10/Kuru-Patlican-Dolma.jpeg,,,,,,,,,0,,"Meat Option","Meat, Olive Oil",1,0,Meat,,,,
102,variable,,,"Lahana Sarma",1,0,visible,,"<strong>Etli Lahana Sarma (Meaty Cabbage Rolls):</strong>\n<ul>\n 	<li>Türkçe: Kıyma ve pirinç karışımı ile hazırlanan, baharatlarla tatlandırılmış ve lahana yapraklarına sarılarak pişirilen lezzetli bir Türk yemeğidir.</li>\n 	<li>English: Delicious Turkish dishes prepared with a mixture of ground meat and rice, seasoned with spices, and wrapped in cabbage leaves to cook.</li>\n</ul>\n<strong>Zeytinyağlı Lahana Sarma (Olive Oil Cabbage Rolls):</strong>\n<ul>\n 	<li>Türkçe: Pirinç ve baharat karışımı ile hazırlanan, zeytinyağı ile tatlandırılmış ve lahana yapraklarına sarılarak pişirilen vejetaryen bir yemektir.</li>\n 	<li>English: Vegetarian dishes prepared with a mixture of rice and spices, flavored with olive oil, and wrapped in cabbage leaves to cook.</li>\n</ul>\n&nbsp;",,,taxable,,1,,,0,0,0.5,,,,0,,,,"Dolma Sarma",,,https://mezzesalade.nl/wp-content/uploads/2021/09/Screenshot-2021-09-21-at-23.15.09.png,,,,,,,,,0,,"Meat - Olive Oil","Meat, Olive Oil",1,1,,,,,
116,simple,,,"Mercimek Çorbası",1,0,visible,"4 cups","<ul>\n 	<li><strong>Türkçe:</strong> Türk mutfağının klasiklerinden mercimek çorbası, taze mercimek ve özel baharatlar ile hazırlanır.</li>\n</ul>\n&nbsp;\n<ul>\n 	<li><strong>English:</strong> A classic of Turkish cuisine, lentil soup is prepared with fresh lentils and special spices.</li>\n</ul>",,,taxable,,1,,,0,0,,,,,0,,,15,"Corbalar (Soups)",,,https://mezzesalade.nl/wp-content/uploads/2021/10/Screenshot-2021-10-07-at-19.38.23.png,,,,,,,,,0,,,,,,,,,,
117,simple,,,"Pirinc Pilavi",1,0,visible,,,,,taxable,,1,,,0,0,,,,,0,,,15,Pilavlar,,,https://mezzesalade.nl/wp-content/uploads/2021/10/Screenshot-2021-10-05-at-22.46.47.png,,,,,,,,,0,,Size,"Small, Medium, Large",1,1,,,,,
122,simple,,,"Patlıcan Kebabı",1,0,visible,,"<ul>\n 	<li><strong>Türkçe:</strong> Patlıcan ve etin birleşiminden oluşan, lezzetli ve besleyici bir kebap.</li>\n</ul>\n&nbsp;\n<ul>\n 	<li><strong>English:</strong> A tasty and nutritious kebab made from a combination of eggplant and meat.</li>\n</ul>",,,taxable,,1,,,0,0,0.5,,,,0,,,24,"Köfte Kebap",,,https://mezzesalade.nl/wp-content/uploads/2021/09/241392260_397599131871540_1521625808484700261_n_17926333900764068-e1632258076278.jpg,,,,,,,,,0,,,,,,,,,,
139,simple,,,"Karisik Kizartma",1,0,visible,"<span data-sheets-value=""{&quot;1&quot;:2,&quot;2&quot;:&quot;Fried vegatables such as , potato, aubergine, pepper, tomato&quot;}"" data-sheets-userformat=""{&quot;2&quot;:15233,&quot;3&quot;:{&quot;1&quot;:0},&quot;10&quot;:2,&quot;11&quot;:0,&quot;12&quot;:0,&quot;14&quot;:{&quot;1&quot;:2,&quot;2&quot;:0},&quot;15&quot;:&quot;Helvetica, sans-serif&quot;,&quot;16&quot;:9}"">Fried vegatables :</span>\n\n<span data-sheets-value=""{&quot;1&quot;:2,&quot;2&quot;:&quot;Fried vegatables such as , potato, aubergine, pepper, tomato&quot;}"" data-sheets-userformat=""{&quot;2&quot;:15233,&quot;3&quot;:{&quot;1&quot;:0},&quot;10&quot;:2,&quot;11&quot;:0,&quot;12&quot;:0,&quot;14&quot;:{&quot;1&quot;:2,&quot;2&quot;:0},&quot;15&quot;:&quot;Helvetica, sans-serif&quot;,&quot;16&quot;:9}""> potato, aubergine, pepper, tomato</span>\n<div id=""gtx-trans"" style=""position: absolute; left: 111px; top: -17px;"">\n<div class=""gtx-trans-icon""></div>\n</div>",,,,taxable,,1,,,0,0,0.5,,,,0,,,18,Mezeler,Meze,,https://mezzesalade.nl/wp-content/uploads/2021/09/Karisik-Kizartma-scaled.jpeg,,,,,,,,,0,,,,,,,,,,
143,simple,,,"Etli Patlıcan Tava",1,0,visible,,"<ul>\n 	<li><strong>Türkçe:</strong> Kuzu eti, patlıcan ve domatesin harmanlandığı, baharatlarla lezzetlendirilmiş geleneksel bir Türk guvecidir.</li>\n</ul>\n&nbsp;\n<ul>\n 	<li><strong>English:</strong> A traditional Turkish stew where lamb, eggplant, and tomatoes are blended together, seasoned with spices.</li>\n</ul>",,,taxable,,1,,,0,0,0.5,,,,0,,,21,"Etli Yemekler",,,https://mezzesalade.nl/wp-content/uploads/2021/10/Screenshot-2021-10-05-at-22.52.08-e1633467259418.png,,,,,,,,,0,,,,,,,,,,
144,simple,,,"Sehriyeli Tavuk Corbası",1,0,visible,"4 cups\n<div id=""gtx-trans"" style=""position: absolute; left: -60px; top: -17px;"">\n<div class=""gtx-trans-icon""></div>\n</div>","<ul>\n 	<li><strong>Türkçe:</strong> Taze tavuk eti ve minik şehriye taneleri ile hazırlanan bu çorba, hem besleyici hem de lezzetlidir.</li>\n</ul>\n&nbsp;\n<ul>\n 	<li><strong>English:</strong> Prepared with fresh chicken meat and tiny orzo grains, this soup is both nutritious and tasty.</li>\n</ul>",,,taxable,,1,,,0,0,,,,,0,,,17,"Corbalar (Soups)",,,https://mezzesalade.nl/wp-content/uploads/2021/10/Screenshot-2021-10-07-at-19.49.19.png,,,,,,,,,0,,,,,,,,,,
146,simple,,,"Meyhane Pilavi",1,0,visible,,,,,taxable,,1,,,0,0,0.5,,,,0,,,15,Pilavlar,,,https://mezzesalade.nl/wp-content/uploads/2021/10/Screenshot-2021-10-05-at-23.06.35.png,,,,,,,,,0,,,,,,,,,,
149,simple,,,Bakla,1,0,visible,,,,,taxable,,1,,,0,0,0.5,,,,0,,,17,"Zeytinyağli Yemekler",,,https://mezzesalade.nl/wp-content/uploads/2021/10/Screenshot-2021-10-05-at-22.48.50.png,,,,,,,,,0,,,,,,,,,,
160,simple,,,"Kadinbudu Kofte",1,0,visible,"<span data-sheets-value=""{&quot;1&quot;:2,&quot;2&quot;:&quot;Beef mince, rice&quot;}"" data-sheets-userformat=""{&quot;2&quot;:513,&quot;3&quot;:{&quot;1&quot;:0},&quot;12&quot;:0}"">Beef mince, rice</span>","<ul>\n 	<li><strong>Türkçe:</strong> Pirinç ve kıyma ile hazırlanan, özgün şekli ve lezzeti ile dikkat çeken köfteler.</li>\n</ul>\n&nbsp;\n<ul>\n 	<li><strong>English:</strong> Meatballs prepared with rice and minced meat, notable for their unique shape and taste.</li>\n</ul>",,,taxable,,1,,,0,0,0.5,,,,0,,,20,"Köfte Kebap",Meze,,https://mezzesalade.nl/wp-content/uploads/2021/09/Kadinbudu-Kofte.png,,,,,,,,,0,,,,,,,,,,
162,simple,,,Kisir,1,0,visible,"<span data-sheets-value=""{&quot;1&quot;:2,&quot;2&quot;:&quot;Bulghur, tomato, green onion, parsley&quot;}"" data-sheets-userformat=""{&quot;2&quot;:15233,&quot;3&quot;:{&quot;1&quot;:0},&quot;10&quot;:2,&quot;11&quot;:0,&quot;12&quot;:0,&quot;14&quot;:{&quot;1&quot;:2,&quot;2&quot;:0},&quot;15&quot;:&quot;Helvetica, sans-serif&quot;,&quot;16&quot;:9}"">Bulghur, tomato, green onion, parsley</span>",,,,taxable,,1,,,0,0,,,,,0,,,18,Mezeler,,,https://mezzesalade.nl/wp-content/uploads/2021/09/Kisir.jpg,,,,,,,,,0,,Size,"Small, Medium, Large",1,1,,,,,
163,simple,,,"Fellah Kofte",1,0,visible,"<span data-sheets-value=""{&quot;1&quot;:2,&quot;2&quot;:&quot;Bulghur, corn semalina, flour, tomato, garlic sauce&quot;}"" data-sheets-userformat=""{&quot;2&quot;:15233,&quot;3&quot;:{&quot;1&quot;:0},&quot;10&quot;:2,&quot;11&quot;:0,&quot;12&quot;:0,&quot;14&quot;:{&quot;1&quot;:2,&quot;2&quot;:0},&quot;15&quot;:&quot;Helvetica, sans-serif&quot;,&quot;16&quot;:9}"">Bulghur, corn semalina, flour, tomato, garlic sauce</span>",,,,taxable,,1,,,0,0,0.5,,,,0,,,19,Mezeler,Meze,,https://mezzesalade.nl/wp-content/uploads/2021/09/Sarimsakli-Kofte-scaled.jpeg,,,,,,,,,0,,,,,,,,,,
210,simple,,,"Kusbası Etli Bezelye",1,0,visible,,"<ul>\n 	<li><strong>Türkçe:</strong> Kuşbaşı kuzu eti, taze bezelye ve baharatlarla birleşerek enfes bir lezzet ortaya koyar.</li>\n</ul>\n&nbsp;\n<ul>\n 	<li><strong>English:</strong> Diced lamb, fresh green peas, and spices come together to create a delightful taste.</li>\n</ul>",,,taxable,,1,,,0,0,0.5,,,,0,,,20,"Etli Yemekler","Dana Kusbasi",,https://mezzesalade.nl/wp-content/uploads/2021/10/Screenshot-2021-10-05-at-22.51.01.png,,,,,,,,,0,,,,,,,,,,
211,simple,,,"Makarna Salatasi",1,0,visible,,,,,taxable,,1,,,0,0,0.5,,,,0,,,17,Salatalar,,,https://mezzesalade.nl/wp-content/uploads/2021/10/Screenshot-2021-10-07-at-19.37.04.png,,,,,,,,,0,,,,,,,,,,
212,simple,,,"Sebzeli Kusbasi Dana Et Sote",1,0,visible,,"<ul>\n 	<li><strong>Türkçe:</strong> Kuşbaşı kuzu eti, taze sebzeler ve baharatlarla sotelenerek hafif ve lezzetli bir yemek sunar.</li>\n</ul>\n&nbsp;\n<ul>\n 	<li><strong>English:</strong> Diced lamb sautéed with fresh vegetables and spices, offering a light and tasty dish.</li>\n</ul>",,,taxable,,1,,,0,0,0.5,,,,0,,,22,"Etli Yemekler",,,https://mezzesalade.nl/wp-content/uploads/2023/10/Screenshot-2023-10-07-at-14.44.32.png,,,,,,,,,0,,,,,,,,,,
227,simple,,,"Kusbası Etli Nohut Yemegi",1,0,visible,,"<ul>\n 	<li><strong>Türkçe:</strong> Kuşbaşı kuzu eti ve nohut, baharatlarla zenginleştirilerek hazırlanan sıcak ve besleyici bir yemektir.</li>\n</ul>\n&nbsp;\n<ul>\n 	<li><strong>English:</strong> A warm and nourishing dish prepared with diced lamb and chickpeas, enriched with spices.</li>\n</ul>",,,taxable,,1,,,0,0,,,,,0,,,20,"Etli Yemekler",,,https://mezzesalade.nl/wp-content/uploads/2021/10/Screenshot-2021-10-07-at-19.37.28-e1633850209263.png,,,,,,,,,0,,"Meat - Olive Oil","Meat, Olive Oil",1,1,,Size,"Large, Medium, Small",1,1
234,simple,,,"Ezo Gelin Çorbası",1,0,visible,"4 cups","<ul>\n 	<li><strong>Türkçe:</strong> Türk mutfağının sevilen çorbalarından biri olan Ezo Gelin çorbası, mercimek, bulgur ve baharatlar ile hazırlanır.</li>\n</ul>\n&nbsp;\n<ul>\n 	<li><strong>English:</strong> A beloved soup of Turkish cuisine, Ezo Bride soup is prepared with lentils, bulgur, and spices.</li>\n</ul>",,,taxable,,1,,,0,0,,,,,0,,,15,"Corbalar (Soups)",,,https://mezzesalade.nl/wp-content/uploads/2021/10/Screenshot-2021-10-07-at-19.24.46.png,,,,,,,,,0,,,,,,,,,,
235,simple,,,"Zeytinyağlı Kabak",1,0,visible,,,,,taxable,,1,,,0,0,0.5,,,,0,,,17,"Zeytinyağli Yemekler",,,https://mezzesalade.nl/wp-content/uploads/2021/10/Screenshot-2021-10-05-at-22.46.26.png,,,,,,,,,0,,,,,,,,,,
236,simple,,,"Ispanaklı Börek",1,0,visible,,"<ul>\n 	<li><strong>Türkçe:</strong> Taze ıspanak ve baharatlar ile doldurulmuş ispanaklı börek, hafif ve besleyici bir seçenektir. Özel börek hamuru ile hazırlanan bu leziz börek, hem sağlıklı hem de lezzetlidir.</li>\n</ul>\n&nbsp;\n<ul>\n 	<li><strong>English:</strong> Filled with fresh spinach and spices, spinach börek is a light and nutritious option. Prepared with our special börek dough, this delicious pastry is both healthy and tasty.</li>\n</ul>",,,taxable,,1,,,0,0,,,,,0,,,18,"Börek Pogaca",Meze,,https://mezzesalade.nl/wp-content/uploads/2021/10/Screenshot-2021-10-05-at-22.45.56-e1696766609935.png,,,,,,,,,0,,,,,,,,,,
268,simple,,,"Zeytinyagli Pirasa",1,0,visible,,,,,taxable,,1,,,0,0,0.5,,,,0,,,17,"Zeytinyağli Yemekler",,,https://mezzesalade.nl/wp-content/uploads/2021/10/Screenshot-2021-10-06-at-00.01.30.png,,,,,,,,,0,,,,,,,,,,
270,simple,,,"Imam Bayıldı",1,0,visible,,,,,taxable,,1,,,0,0,0.5,,,,0,,,18,"Zeytinyağli Yemekler",,,"https://mezzesalade.nl/wp-content/uploads/2021/11/Screenshot-2021-11-26-at-00.20.47.png, https://mezzesalade.nl/wp-content/uploads/2021/11/Screenshot-2021-11-26-at-00.20.47.png, https://mezzesalade.nl/wp-content/uploads/2021/10/Screenshot-2021-10-06-at-00.00.52-e1633471324212.png, https://mezzesalade.nl/wp-content/uploads/2021/09/241461395_974665426436467_7516125238338492016_n_17922282487857588.jpg",,,,,,,,,0,,,,,,,,,,
271,simple,,,"Izmir Köfte",1,0,visible,,"<ul>\n 	<li><strong>Türkçe:</strong> Domates ve biber ile zenginleştirilmiş, özgün baharat karışımı ile hazırlanan köfteler.</li>\n</ul>\n&nbsp;\n<ul>\n 	<li><strong>English:</strong> Meatballs enriched with tomatoes and peppers, prepared with a unique spice blend.</li>\n</ul>",,,taxable,,1,,,0,0,0.5,,,,0,,,21,"Köfte Kebap",,,https://mezzesalade.nl/wp-content/uploads/2021/10/Screenshot-2021-10-06-at-00.00.35.png,,,,,,,,,0,,,,,,,,,,
273,simple,,,"Tarhana Corbası",1,0,visible,"4 cups\n<div id=""gtx-trans"" style=""position: absolute; left: 55px; top: 32px;"">\n<div class=""gtx-trans-icon""></div>\n</div>","<ul>\n 	<li><strong>Türkçe:</strong> Fermente un ve yoğurt karışımı ile hazırlanan tarhana çorbası, Türk mutfağının eşsiz lezzetlerinden biridir.</li>\n</ul>\n&nbsp;\n<ul>\n 	<li><strong>English:</strong> Prepared with a fermented flour and yogurt mixture, tarhana soup is a unique taste of Turkish cuisine.</li>\n</ul>",,,taxable,,1,,,0,0,,,,,0,,,15,"Corbalar (Soups)",,,https://mezzesalade.nl/wp-content/uploads/2021/10/40FBB12B-B389-47D7-971C-2BDCA001F8FE_1_105_c-e1636270537330.jpeg,,,,,,,,,0,,,,,,,,,,
274,simple,,,"Etli Pide (1 Kilo)",1,0,visible,,"<ul>\n 	<li><strong>Türkçe:</strong> Türk mutfağının en sevilen lezzetlerinden biri olan etli pide, baharatlı kıyma ve taze sebzelerle hazırlanır. Bu leziz pide, özel hamurumuz ve ustalıkla hazırlanmış iç malzemeler ile 1 kilogram halinde sunulur.</li>\n</ul>\n&nbsp;\n<ul>\n 	<li><strong>English:</strong> A beloved flavor of Turkish cuisine, meat pide is prepared with spiced ground meat and fresh vegetables. This delicious pide is offered by the kilogram, featuring our special dough and expertly prepared fillings.</li>\n</ul>",,,taxable,,1,,,0,0,,,,,0,,,40,"Börek Pogaca",,,https://mezzesalade.nl/wp-content/uploads/2023/10/Etli-Pide.jpeg,,,,,,,,,0,,,,,,,,,,
279,simple,,,"Humus Sade",1,0,visible,"<span data-sheets-value=""{&quot;1&quot;:2,&quot;2&quot;:&quot;Chickpea, tahini, spices&quot;}"" data-sheets-userformat=""{&quot;2&quot;:15233,&quot;3&quot;:{&quot;1&quot;:0},&quot;10&quot;:2,&quot;11&quot;:0,&quot;12&quot;:0,&quot;14&quot;:{&quot;1&quot;:2,&quot;2&quot;:0},&quot;15&quot;:&quot;Helvetica, sans-serif&quot;,&quot;16&quot;:9}"">Chickpea, tahini, spices</span>","Wikipedia :\n\n<b>Hummus</b> (<span class=""rt-commentedText nowrap""><span class=""IPA nopopups noexcerpt""><a title=""Help:IPA/English"" href=""https://en.wikipedia.org/wiki/Help:IPA/English"">/<span title=""/ˈ/: primary stress follows"">ˈ</span><span title=""'h' in 'hi'"">h</span><span title=""/ʊ/: 'u' in 'push'"">ʊ</span><span title=""'m' in 'my'"">m</span><span title=""/ə/: 'a' in 'about'"">ə</span><span title=""'s' in 'sigh'"">s</span>/</a></span></span>, <span class=""rt-commentedText nowrap""><span class=""IPA nopopups noexcerpt""><a title=""Help:IPA/English"" href=""https://en.wikipedia.org/wiki/Help:IPA/English"">/<span title=""/ˈ/: primary stress follows"">ˈ</span><span title=""'h' in 'hi'"">h</span><span title=""/ʌ/: 'u' in 'cut'"">ʌ</span><span title=""'m' in 'my'"">m</span><span title=""/ə/: 'a' in 'about'"">ə</span><span title=""'s' in 'sigh'"">s</span>/</a></span></span>;<sup id=""cite_ref-camb_1-0"" class=""reference""><a href=""https://en.wikipedia.org/wiki/Hummus#cite_note-camb-1"">[1]</a></sup><sup id=""cite_ref-Lexico_2-0"" class=""reference""><a href=""https://en.wikipedia.org/wiki/Hummus#cite_note-Lexico-2"">[2]</a></sup> <a class=""mw-redirect"" title=""Arabic language"" href=""https://en.wikipedia.org/wiki/Arabic_language"">Arabic</a>: <span dir=""rtl"" lang=""ar"">حُمُّص</span>‎, 'chickpeas'; full Arabic name: <i>ḥummuṣ bi-ṭ-ṭaḥīna</i> <a class=""mw-redirect"" title=""Arabic language"" href=""https://en.wikipedia.org/wiki/Arabic_language"">Arabic</a>: <span dir=""rtl"" lang=""ar"">حمص بالطحينة</span>‎, 'chickpeas with tahini') is a <a title=""Middle Eastern cuisine"" href=""https://en.wikipedia.org/wiki/Middle_Eastern_cuisine"">Middle Eastern</a> <a class=""mw-redirect"" title=""Dip (food)"" href=""https://en.wikipedia.org/wiki/Dip_(food)"">dip</a>, <a title=""Spread (food)"" href=""https://en.wikipedia.org/wiki/Spread_(food)"">spread</a>, or savory <a title=""Dish (food)"" href=""https://en.wikipedia.org/wiki/Dish_(food)"">dish</a> made from cooked, mashed <a title=""Chickpea"" href=""https://en.wikipedia.org/wiki/Chickpea"">chickpeas</a> blended with <a title=""Tahini"" href=""https://en.wikipedia.org/wiki/Tahini"">tahini</a>, lemon juice, and garlic.<sup id=""cite_ref-Davidson_2014_3-0"" class=""reference""><a href=""https://en.wikipedia.org/wiki/Hummus#cite_note-Davidson_2014-3"">[3]</a></sup> The standard garnish in the Middle East includes olive oil, a few whole chickpeas, parsley, and paprika.<sup id=""cite_ref-4"" class=""reference""><a href=""https://en.wikipedia.org/wiki/Hummus#cite_note-4"">[4]</a></sup><sup id=""cite_ref-5"" class=""reference""><a href=""https://en.wikipedia.org/wiki/Hummus#cite_note-5"">[5]</a></sup>\n\nIn <a title=""Middle Eastern cuisine"" href=""https://en.wikipedia.org/wiki/Middle_Eastern_cuisine"">Middle Eastern cuisine</a>, it is usually eaten as a dip, with <a class=""mw-redirect"" title=""Pita bread"" href=""https://en.wikipedia.org/wiki/Pita_bread"">pita bread</a>. In the West, it is now produced industrially, and is often served as a snack or appetizer with crackers.",,,taxable,,1,,,0,0,0.5,,,,0,,,18,Mezeler,,,https://mezzesalade.nl/wp-content/uploads/2021/09/Screenshot-2021-09-21-at-23.04.34.png,,,,,,,,,0,,,,,,,,,,
283,simple,,,"Kereviz Kapama",1,0,visible,"0.5 kg","&nbsp;\n\n&nbsp;",,,taxable,,1,,,0,0,0.5,,,,0,,,17,"Zeytinyağli Yemekler",,,https://mezzesalade.nl/wp-content/uploads/2021/10/A0B4D004-5B53-40F9-A272-5A9588265DA4_1_105_c.jpeg,,,,,,,,,0,,,,,,,,,,
290,simple,,,"Zeytinyaglı Ispanak Yemegi",1,0,visible,"Spinach, onion, olive oil",,,,taxable,,1,,,0,0,0.5,,,,0,,,17,"Zeytinyağli Yemekler",,,https://mezzesalade.nl/wp-content/uploads/2021/10/c9378a76-85e7-4130-9138-b8c2c5e10589.jpg,,,,,,,,,0,,,,,,,,,,
297,simple,,,"Kusbası Etli Bamya",1,0,visible,,"<ul>\n 	<li><strong>Türkçe:</strong> Türk mutfağının sevilen yemeklerinden biri olan kuşbaşı kuzu eti ile hazırlanan bamya, domates ve baharatlarla lezzetlendirilir.</li>\n</ul>\n&nbsp;\n<ul>\n 	<li><strong>English</strong>: A beloved dish from Turkish cuisine, prepared with diced lamb, okra, tomatoes, and spices.</li>\n</ul>",,,taxable,,1,,,0,0,0.5,,,,0,,,20,"Etli Yemekler",,,https://mezzesalade.nl/wp-content/uploads/2023/10/WhatsApp-Image-2023-10-07-at-14.02.26-e1696680385202.jpeg,,,,,,,,,0,,"Meat - Olive Oil","Meat, Olive Oil",1,1,,,,,
311,simple,,,"Firinda Patatesli Tavuk",1,0,visible,,"<ul>\n 	<li><strong>Türkçe:</strong> Baharatlarla tatlandırılmış tavuk ve patates, fırında kızarıncaya kadar pişirilir.</li>\n</ul>\n&nbsp;\n<ul>\n 	<li><strong>English:</strong> Chicken and potatoes seasoned with spices, baked in the oven until crispy.</li>\n</ul>",,,taxable,,1,,,0,0,0.5,,,,0,,,22,"Etli Yemekler",,,https://mezzesalade.nl/wp-content/uploads/2021/10/4455132A-DB6D-4A8C-B898-01C6CA3C5C06_1_105_c.jpeg,,,,,,,,,0,,,,,,,,,,
315,simple,,,"Bulgur Pilavi",1,0,visible,,,,,taxable,,1,,,0,0,0.5,,,,0,,,15,Pilavlar,,,https://mezzesalade.nl/wp-content/uploads/2021/10/Screenshot-2021-10-07-at-19.34.26.png,,,,,,,,,0,,,,,,,,,,
318,simple,,,"Havuc Tarator",1,0,visible,,,,,taxable,,1,,,0,0,0.5,,,,0,,,17,Mezeler,,,https://mezzesalade.nl/wp-content/uploads/2021/10/Screenshot-2021-12-20-at-10.49.40.png,,,,,,,,,0,,,,,,,,,,
319,simple,,,"Yogurtlu Pancar",1,0,visible,,,,,taxable,,1,,,0,0,0.5,,,,0,,,15,Salatalar,,,https://mezzesalade.nl/wp-content/uploads/2021/10/Screenshot-2021-10-10-at-12.24.36.png,,,,,,,,,0,,,,,,,,,,
321,simple,,,"Marul Tarator",1,0,visible,,,,,taxable,,1,,,0,0,0.5,,,,0,,,17,Mezeler,,,"https://mezzesalade.nl/wp-content/uploads/2021/10/Marul-Tarator.jpeg, https://mezzesalade.nl/wp-content/uploads/2021/10/Marul-Tarator.jpeg",,,,,,,,,0,,,,,,,,,,
322,simple,,,"Atom Meze",1,0,visible,,,,,taxable,,1,,,0,0,0.5,,,,0,,,17,Mezeler,,,https://mezzesalade.nl/wp-content/uploads/2021/10/Screenshot-2021-10-10-at-12.27.35.png,,,,,,,,,0,,,,,,,,,,
324,simple,,,"Kozlenmis Biber Salatasi",1,0,visible,,,,,taxable,,1,,,0,0,0.5,,,,0,,,17,Salatalar,,,https://mezzesalade.nl/wp-content/uploads/2021/10/Screenshot-2021-10-18-at-11.13.14-e1634548514595.png,,,,,,,,,0,,,,,,,,,,
325,simple,,,Saksuka,1,0,visible,,,,,taxable,,1,,,0,0,0.5,,,,0,,,18,Mezeler,Meze,,https://mezzesalade.nl/wp-content/uploads/2023/01/Saksuka.jpeg,,,,,,,,,0,,,,,,,,,,
326,simple,,,"Gavurdagı Salatasi",1,0,visible,,,,,taxable,,1,,,0,0,0.5,,,,0,,,17,Salatalar,,,https://mezzesalade.nl/wp-content/uploads/2021/10/966986D5-F259-4584-BCDD-D1D53E156965_1_105_c.jpeg,,,,,,,,,0,,,,,,,,,,
351,simple,,,"Fasulye Piyaz",1,0,visible,,,,,taxable,,1,,,0,0,0.5,,,,0,,,18,Mezeler,,,https://mezzesalade.nl/wp-content/uploads/2021/09/Fasulye-Bean-Piyaz.png,,,,,,,,,0,,,,,,,,,,
352,simple,,,"Yesil Mercimek Salatasi",1,0,visible,,,,,taxable,,1,,,0,0,0.5,,,,0,,,17,Salatalar,,,https://mezzesalade.nl/wp-content/uploads/2021/09/Yesil-Mercimek-Salatasi-Green-Lentil-Salad.png,,,,,,,,,0,,,,,,,,,,
353,simple,,,"Barbunya Pilaki",1,0,visible,"<span data-sheets-value=""{&quot;1&quot;:2,&quot;2&quot;:&quot;Borletti bean, carrot, parsley, olive oil&quot;}"" data-sheets-userformat=""{&quot;2&quot;:15233,&quot;3&quot;:{&quot;1&quot;:0},&quot;10&quot;:2,&quot;11&quot;:0,&quot;12&quot;:0,&quot;14&quot;:{&quot;1&quot;:2,&quot;2&quot;:0},&quot;15&quot;:&quot;Helvetica, sans-serif&quot;,&quot;16&quot;:9}"">Borletti bean, carrot, parsley, olive oil</span>",,,,taxable,,1,,,0,0,0.5,,,,0,,,18,Mezeler,Meze,,https://mezzesalade.nl/wp-content/uploads/2021/09/Barbunya-Pilaki.png,,,,,,,,,0,,,,,,,,,,
407,simple,,,"Yayla Corbasi",1,0,visible,,"<ul>\n 	<li><strong>Türkçe:</strong> Yoğurt, nane ve taze baharatlar ile hazırlanan yayla çorbası, hafif ve ferahlatıcı bir lezzet sunar.</li>\n</ul>\n&nbsp;\n<ul>\n 	<li><strong>English:</strong> Prepared with yogurt, mint, and fresh spices, highland soup offers a light and refreshing taste.</li>\n</ul>",,,taxable,,1,,,0,0,,,,,0,,,15,"Corbalar (Soups)",,,https://mezzesalade.nl/wp-content/uploads/2021/10/Yayla-Corbasi.jpeg,,,,,,,,,0,,,,,,,,,,
420,simple,,,"Kıymalı Karnabahar",1,0,visible,,"<ul>\n 	<li><strong>Türkçe: Kuzu</strong> ve <strong>dana karışık kıyma</strong> ile <strong>karnıbahar</strong>ın mükemmel uyumu, <strong>baharatlar</strong>la tatlandırılır.</li>\n</ul>\n&nbsp;\n<ul>\n 	<li><strong>English:</strong> The perfect harmony of <strong>mixed lamb and beef mince</strong> with <strong>cauliflower</strong>, seasoned with <strong>spices</strong>.</li>\n</ul>",,,taxable,,1,,,0,0,,,,,0,,,20,"Etli Yemekler",,,https://mezzesalade.nl/wp-content/uploads/2021/11/31EC6EC6-655B-4B53-A313-A29DD9DC4D24_1_105_c-e1635965530987.jpeg,,,,,,,,,0,,,,,,,,,,
425,simple,,,"Kuşbaşı Etli Kuru Fasulye",1,0,visible,,"<ul>\n 	<li><strong>Türkçe:</strong> Geleneksel Türk mutfağından kuşbaşı kuzu eti ile hazırlanan kuru fasulye, baharatlar ve domates sosu ile lezzetlendirilir.</li>\n</ul>\n&nbsp;\n<ul>\n 	<li><strong>English:</strong> A traditional Turkish dish prepared with diced lamb, white beans, spices, and tomato sauce.</li>\n</ul>",,,taxable,,1,,,0,0,,,,,0,,,20,"Etli Yemekler",,,https://mezzesalade.nl/wp-content/uploads/2021/11/IMG_5953-scaled-e1635966627701.jpeg,,,,,,,,,0,,,,,,,,,,
431,simple,,,"Kıymalı Borulce",1,0,visible,,"<ul>\n 	<li><strong>Türkçe:</strong> Kuzu ve dana karışık kıyma, borulce ve baharatlar ile bir araya gelerek lezzetli bir yemek sunar.</li>\n</ul>\n&nbsp;\n<ul>\n 	<li><strong>English:</strong> A mixture of lamb and beef mince, black-eyed peas, and spices come together to offer a delightful dish.</li>\n</ul>",,,taxable,,1,,,0,0,,,,,0,,,20,"Etli Yemekler",Glutenfree,,https://mezzesalade.nl/wp-content/uploads/2021/11/F4C77B13-2516-4E5C-99E1-D76FA676CE4B_1_105_c-e1636270694379.jpeg,,,,,,,,,0,,,,,,,,,,
432,simple,,,"Eristeli Yesil Mercimek",1,0,visible,,,,,taxable,,1,,,0,0,,,,,0,,,17,"Zeytinyağli Yemekler",,,https://mezzesalade.nl/wp-content/uploads/2021/11/00C50305-7CD2-4759-9D2E-CEF67DC26191_1_105_c.jpeg,,,,,,,,,0,,,,,,,,,,
447,simple,,,"Ispanak Salatasi",1,0,visible,,,,,taxable,,1,,,0,0,,,,,0,,,17,Salatalar,Glutenfree,,https://mezzesalade.nl/wp-content/uploads/2021/11/Screenshot-2021-11-22-at-22.28.10.png,,,,,,,,,0,,,,,,,,,,
451,simple,,,"Enginarli Pilav",1,0,visible,,,,,taxable,,1,,,0,0,,,,,0,,,18,Pilavlar,Glutenfree,,https://mezzesalade.nl/wp-content/uploads/2021/11/Screenshot-2021-11-24-at-19.35.39-e1637882485611.png,,,,,,,,,0,,,,,,,,,,
467,simple,,,"Peynirli Poğaça",1,0,visible,,"30 pieces\n<ul>\n 	<li><strong>Türkçe:</strong> Taze beyaz peynir ile doldurulmuş ve altın rengi, yumuşak bir dış kabuğa sahip olan peynirli poğaça, lezzetli ve doyurucudur. Bu el yapımı poğaçalar, özel tarifimizle hazırlanır ve 1 kilogram (30 adet) halinde satılır.</li>\n</ul>\n&nbsp;\n<ul>\n 	<li><strong>English:</strong> Filled with fresh white cheese and boasting a golden, soft exterior, our cheese pastry is tasty and satisfying. These handcrafted pastries are prepared with our special recipe and sold by the kilogram (30 pieces).</li>\n</ul>",,,taxable,,1,,,0,0,,,,,0,,,34,"Börek Pogaca",Meze,,"https://mezzesalade.nl/wp-content/uploads/2023/01/Peynirli-Pogaca-1.jpeg, https://mezzesalade.nl/wp-content/uploads/2023/01/Peynirli-Pogaca-2.jpeg",,,,,,,,,0,,,,,,,,,,
507,simple,,,"Sakallı Peynirli Pogaca (1 Kilo)",1,0,visible,,"30 adet / pieces\n<ul>\n 	<li><strong>Türkçe:</strong> Sakallı peynirli poğaça, taze beyaz peynir ve baharatlar ile doldurulmuş, üzeri kıtır kıtır sakallı özel bir poğaçadır. Her biri el yapımı olan bu poğaçalar, özel tarifimizle hazırlanır ve 1 kilogram (30 Adet)halinde satılır.</li>\n</ul>\n&nbsp;\n<ul>\n 	<li><strong>English:</strong> Bearded cheese pastry is a special pastry filled with fresh white cheese and spices, topped with a crispy bearded texture. Each of these handcrafted pastries is prepared with our special recipe and sold by the kilogram (30 pieces).</li>\n</ul>",,,taxable,,1,,,0,0,,,,,0,,,34,"Börek Pogaca",Meze,,https://mezzesalade.nl/wp-content/uploads/2021/09/Sakalli-Pogaca-scaled.jpeg,,,,,,,,,0,,,,,,,,,,
519,simple,,,"Borulce Salatası",1,0,visible,,,,,taxable,,1,,,0,0,,,,,0,,,17,Salatalar,,,https://mezzesalade.nl/wp-content/uploads/2021/12/7a6228c3-7f46-4fd1-a59a-cca37c821875.jpg,,,,,,,,,0,,,,,,,,,,
539,simple,,,"Mercimekli Bulgur Pilavi",1,0,visible,,,,,taxable,,1,,,0,0,,,,,0,,,15,Pilavlar,,,"https://mezzesalade.nl/wp-content/uploads/2021/12/140036289_849977359114015_3396104366951605284_n.jpg, https://mezzesalade.nl/wp-content/uploads/2021/12/140036289_849977359114015_3396104366951605284_n.jpg",,,,,,,,,0,,,,,,,,,,
550,simple,,,"Kıymalı Musakka",1,0,visible,,"<strong>Türkçe:</strong> Patlıcan, kuzu  dana karışık kıyma ile fırında pişirilir.\n\n<strong>English:</strong> Layers of eggplant, potatoes, and mixed lamb and beef mince, baked in the oven.",,,taxable,,1,,,0,0,,,,,0,,,21,"Etli Yemekler",,,https://mezzesalade.nl/wp-content/uploads/2022/01/Musakka.jpeg,,,,,,,,,0,,,,,,,,,,
620,simple,,,"Kiymali Patates Oturtma",1,0,visible,,"<ul>\n 	<li><strong>Türkçe:</strong> Kuzu - dana karışık kıyma, patates ve baharatlarla birleşip fırında kızarıncaya kadar pişirilir.</li>\n</ul>\n&nbsp;\n<ul>\n 	<li><strong>English:</strong> A mixture of lamb and beef mince, potatoes, and spices are combined and baked in the oven until crispy.</li>\n</ul>",,,taxable,,1,,,0,0,,,,,0,,,20,"Etli Yemekler",,,https://mezzesalade.nl/wp-content/uploads/2022/09/7e578fe3-c73b-45c4-81f5-c9468c54d0c8.jpg,,,,,,,,,0,,,,,,,,,,
626,simple,,,"Tabbule Salatasi",1,0,visible,,,,,taxable,,1,,,0,0,,,,,0,,,18,Mezeler,,,"https://mezzesalade.nl/wp-content/uploads/2022/09/94539818-8c5e-4d2d-a2c2-ebf7b132ba96.jpg, https://mezzesalade.nl/wp-content/uploads/2022/09/f75abc66-4952-40b5-99fa-4ee468882491.jpg",,,,,,,,,0,,,,,,,,,,
627,simple,,,"Orman Kebabı",1,0,visible,,"<ul>\n 	<li><strong>Türkçe:</strong> Sebzeler ve etin mükemmel uyumu ile hazırlanan, doyurucu bir kebap türü.</li>\n</ul>\n&nbsp;\n<ul>\n 	<li><strong>English:</strong> A satisfying kebab type prepared with a perfect harmony of vegetables and meat.</li>\n</ul>",,,taxable,,1,,,0,0,,,,,0,,,21,"Köfte Kebap",,,https://mezzesalade.nl/wp-content/uploads/2023/01/WhatsApp-Image-2023-10-07-at-13.11.00-e1696682151364.jpeg,,,,,,,,,0,,,,,,,,,,
631,simple,,,"Pirasa Graten",1,0,visible,,,,,taxable,,1,,,0,0,,,,,0,,,17,"Zeytinyağli Yemekler",,,https://mezzesalade.nl/wp-content/uploads/2022/09/c8226e41-90e2-4e17-938b-fecfd4ddf647.jpg,,,,,,,,,0,,,,,,,,,,
633,simple,,,"Sebzeli Kofte",1,0,visible,,"<ul>\n 	<li><strong>Türkçe:</strong> Çeşitli sebzeler ve et ile hazırlanan, renkli ve lezzetli köfteler.</li>\n</ul>\n&nbsp;\n<ul>\n 	<li><strong>English:</strong> Colorful and tasty meatballs prepared with various vegetables and meat.</li>\n</ul>",,,taxable,,1,,,0,0,,,,,0,,,21,"Köfte Kebap",,,https://mezzesalade.nl/wp-content/uploads/2023/01/WhatsApp-Image-2023-10-07-at-11.46.02.jpeg,,,,,,,,,0,,,,,,,,,,
635,simple,,,"Et Kavurma",1,0,visible,,"<ul>\n 	<li><strong>Türkçe:</strong> Yüksek ateşte kavrulmuş, baharatlı ve lezzetli et parçaları.</li>\n</ul>\n&nbsp;\n<ul>\n 	<li><strong>English:</strong> Spicy and tasty meat pieces sautéed at high heat.</li>\n</ul>",,,taxable,,1,,,0,0,,,,,0,,,24,"Köfte Kebap",,,https://mezzesalade.nl/wp-content/uploads/2022/09/274f0775-e4e7-479a-a102-c7c1b8d908aa-e1662913162668.jpg,,,,,,,,,0,,,,,,,,,,
650,simple,,,"Ekşili Köfte",1,0,visible,,"<ul>\n 	<li><strong>Türkçe:</strong> Türk mutfağına özgü ekşili sos ile hazırlanan lezzetli köfteler.</li>\n</ul>\n&nbsp;\n<ul>\n 	<li><strong>English:</strong> Delicious meatballs prepared with a distinctive Turkish sour sauce.</li>\n</ul>",,,taxable,,1,,,0,0,,,,,0,,,20,"Köfte Kebap",,,https://mezzesalade.nl/wp-content/uploads/2022/12/Eksili-Kofte.jpeg,,,,,,,,,0,,,,,,,,,,
747,simple,,,"Domates Corbası",1,0,visible,,"<ul>\n 	<li><strong>Türkçe:</strong> Taze domatesler ve özel baharat karışımımız ile hazırlanan domates çorbası, hafif ve ferahlatıcı bir lezzet sunar.</li>\n</ul>\n&nbsp;\n<ul>\n 	<li><strong>English:</strong> Prepared with fresh tomatoes and our special spice blend, our tomato soup offers a light and refreshing taste.</li>\n</ul>",,,taxable,,1,,,0,0,,,,,0,,,15,"Corbalar (Soups)",,,https://mezzesalade.nl/wp-content/uploads/2023/01/Screenshot-2023-01-01-at-17.28.53.png,,,,,,,,,0,,,,,,,,,,
751,simple,,,"Tavuk Sote",1,0,visible,,"<ul>\n 	<li><strong>Türkçe:</strong> Taze tavuk eti, sebzeler ve baharatlarla sotelenerek hazırlanan hızlı ve lezzetli bir yemektir.</li>\n</ul>\n&nbsp;\n<ul>\n 	<li><strong>English:</strong> Fresh chicken meat sautéed with vegetables and spices, making a quick and tasty dish.</li>\n</ul>",,,taxable,,1,,,0,0,,,,,0,,,22,"Etli Yemekler",,,https://mezzesalade.nl/wp-content/uploads/2023/01/GetResizeImage.jpeg,,,,,,,,,0,,,,,,,,,,
752,simple,,,"Kremalı Tavuk Çorbası",1,0,visible,,"<ul>\n 	<li><strong>Türkçe:</strong> Taze tavuk eti ve kremayı bir araya getiren bu çorba, zengin ve samimi bir lezzet sunar.</li>\n</ul>\n&nbsp;\n<ul>\n 	<li><strong>English:</strong> Bringing together fresh chicken meat and cream, this soup offers a rich and comforting taste.</li>\n</ul>",,,taxable,,1,,,0,0,,,,,0,,,15,"Corbalar (Soups)",,,,,,,,,,,,0,,,,,,,,,,
753,variable,,,"Milfoy Borek (Sosili / Peynirli / Kıymalı)",1,0,visible,,"<ul>\n 	<li><strong>Türkçe:</strong> Klasik Türk mutfağının vazgeçilmezlerinden biri olan milföy börek, üç farklı iç seçeneği ile sunulur: lezzetli sosis, taze beyaz peynir ve baharatlı kıyma. Hafif ve çıtır milföy hamuru ile hazırlanan bu börekler, her zaman taze ve sıcak servis edilir.</li>\n</ul>\n&nbsp;\n<ul>\n 	<li><strong>English:</strong> A staple of classic Turkish cuisine, puff pastry börek comes in three different fillings: savory sausage, fresh white cheese, and spiced ground meat. Prepared with light and flaky puff pastry, these böreks are always served fresh and warm.</li>\n</ul>",,,taxable,,1,,,0,0,,,,,0,,,,"Börek Pogaca",,,https://mezzesalade.nl/wp-content/uploads/2022/01/75b57c1e-1f43-406f-a347-47fd73d99261-e1696680271565.jpg,,,,,,,,,0,,Content,"Kiymali - With Ground Meat, Peynirli - With Cheese, Sosisli - With Sausage",1,1,,,,,
754,simple,,,"Kuskus Pilavi",1,0,visible,,,,,taxable,,1,,,0,0,,,,,0,,,15,Pilavlar,,,https://mezzesalade.nl/wp-content/uploads/2023/10/Screenshot-2023-10-07-at-14.30.36.png,,,,,,,,,0,,,,,,,,,,
755,simple,,,Karnıyarık,1,0,visible,,"<ul>\n 	<li><strong>Türkçe:</strong> Uzun patlıcanlar kuzu ve dana karışık kıyma, soğan ve domates ile doldurularak fırında pişirilir.</li>\n</ul>\n&nbsp;\n<ul>\n 	<li><strong>English:</strong> Long eggplants filled with a mixture of lamb and beef mince, onions, and tomatoes, baked in the oven.</li>\n</ul>",,,taxable,,1,,,0,0,,,,,0,,,21,"Etli Yemekler",,,https://mezzesalade.nl/wp-content/uploads/2023/01/Karniyarikjpeg-e1696678363182.jpeg,,,,,,,,,0,,,,,,,,,,
756,simple,,,Mutebbel,1,0,visible,,,,,taxable,,1,,,0,0,,,,,0,,,18,Mezeler,,,https://mezzesalade.nl/wp-content/uploads/2023/01/Mutebbel-e1744575907919.jpg,,,,,,,,,0,,,,,,,,,,
757,simple,,,Kopoglu,1,0,visible,,,,,taxable,,1,,,0,0,,,,,0,,,18,Mezeler,,,https://mezzesalade.nl/wp-content/uploads/2023/01/Kopoglu.jpeg,,,,,,,,,0,,,,,,,,,,
758,simple,,,"Pancar Salatasi",1,0,visible,,,,,taxable,,1,,,0,0,,,,,0,,,15,Salatalar,,,https://mezzesalade.nl/wp-content/uploads/2023/01/Pancar-Salatasi.jpg,,,,,,,,,0,,,,,,,,,,
759,simple,,,"Yogurtlu Kereviz",1,0,visible,,,,,taxable,,1,,,0,0,,,,,0,,,15,Salatalar,,,https://mezzesalade.nl/wp-content/uploads/2023/01/Screenshot-2023-02-05-at-14.47.28.png,,,,,,,,,0,,,,,,,,,,
760,simple,,,"Tavuklu Nohutlu Pilav",1,0,visible,,"<ul>\n 	<li><strong>Türkçe: Tavuklu Nohutlu Pilav</strong>, haşlanmış nohut ve tavuk eti ile hazırlanan, baharatlar ve tereyağı ile lezzetlendirilen geleneksel bir Türk pilav yemeğidir. Tavuk, nohut ve pirinç bir araya gelerek doyurucu ve besleyici bir öğün sunar.</li>\n</ul>\n&nbsp;\n<ul>\n 	<li><strong>English:</strong> <strong>Chicken Chickpea Rice</strong> is a traditional Turkish rice dish prepared with boiled chickpeas and chicken meat, flavored with spices and butter. The combination of chicken, chickpeas, and rice offers a satisfying and nutritious meal.</li>\n</ul>",,,taxable,,1,,,0,0,,,,,0,,,20,"Etli Yemekler",,,https://mezzesalade.nl/wp-content/uploads/2023/01/Screenshot-2023-02-05-at-14.52.46.png,,,,,,,,,0,,,,,,,,,,
764,simple,,,"Canak Kofte",1,0,visible,,"<ul>\n 	<li><strong>Türkçe:</strong> Özel sosu ve sunumu ile dikkat çeken, lezzetli köfteler.</li>\n</ul>\n&nbsp;\n<ul>\n 	<li><strong>English:</strong> Delicious meatballs notable for their special sauce and presentation.</li>\n</ul>",,,taxable,,1,,,0,0,,,,,0,,,21,"Köfte Kebap",,,https://mezzesalade.nl/wp-content/uploads/2023/01/Canak-Kofte-2.jpeg,,,,,,,,,0,,,,,,,,,,
767,simple,,,"Kuru Kofte",1,0,visible,"0.5 kg","<ul>\n 	<li><strong>Türkçe:</strong> Geleneksel baharatlar ile lezzetlendirilmiş, sade ve lezzetli köfteler.</li>\n</ul>\n&nbsp;\n<ul>\n 	<li><strong>English:</strong> Simple and tasty meatballs flavored with traditional spices.</li>\n</ul>",,,taxable,,1,,,0,0,,,,,0,,,22,"Köfte Kebap",,,https://mezzesalade.nl/wp-content/uploads/2023/01/Screenshot-2023-01-21-at-11.51.28.png,,,,,,,,,0,,,,,,,,,,
841,variable,,,"Firin Biber Dolma",1,0,visible,,"<strong>Fırın Biber Dolma Etli (Oven Baked Meaty Stuffed Peppers):</strong>\n<ul>\n 	<li>Türkçe: Kıyma ve pirinç karışımı ile doldurulan, baharatlarla tatlandırılmış ve fırında pişirilen biber dolmasıdır.</li>\n 	<li>English: Stuffed with a mixture of ground meat and rice, seasoned with spices, and baked in the oven.</li>\n</ul>\n<strong>Fırın Biber Dolma Zeytinyağlı (Oven Baked Olive Oil Stuffed Peppers):</strong>\n<ul>\n 	<li>Türkçe: Pirinç ve baharat karışımı ile doldurulan, zeytinyağı ile tatlandırılmış ve fırında pişirilen vejetaryen bir biber dolmasıdır.</li>\n 	<li>English: Vegetarian stuffed peppers filled with a mixture of rice and spices, flavored with olive oil, and baked in the oven.</li>\n</ul>",,,taxable,,1,,,0,0,,,,,0,,,,"Dolma Sarma",,,"https://mezzesalade.nl/wp-content/uploads/2023/10/Firin-Biber-Dolma-2.jpeg, https://mezzesalade.nl/wp-content/uploads/2023/10/Firin-Biber-Dolma-.jpeg",,,,,,,,,0,,"Meat - Olive Oil","Meat, Olive Oil",1,1,,,,,
844,simple,,,"Soguk Yogurt Corbası",1,0,visible,,"<div class=""flex-1 overflow-hidden"">\n<div class=""react-scroll-to-bottom--css-kdgar-79elbk h-full dark:bg-gray-800"">\n<div class=""react-scroll-to-bottom--css-kdgar-1n7m0yu"">\n<div class=""flex flex-col text-sm dark:bg-gray-800"">\n<div class=""group final-completion w-full text-token-text-primary border-b border-black/10 gizmo:border-0 dark:border-gray-900/50 gizmo:dark:border-0 bg-gray-50 gizmo:bg-transparent dark:bg-[#444654] gizmo:dark:bg-transparent"" data-testid=""conversation-turn-9"">\n<div class=""p-4 justify-center text-base md:gap-6 md:py-6 m-auto"">\n<div class=""flex flex-1 gap-4 text-base mx-auto md:gap-6 gizmo:gap-3 gizmo:md:px-5 gizmo:lg:px-1 gizmo:xl:px-5 md:max-w-2xl lg:max-w-[38rem] gizmo:md:max-w-3xl gizmo:lg:max-w-[40rem] gizmo:xl:max-w-[48rem] xl:max-w-3xl }"">\n<div class=""relative flex w-[calc(100%-50px)] flex-col gizmo:w-full lg:w-[calc(100%-115px)] agent-turn"">\n<div class=""flex-col gap-1 md:gap-3"">\n<div class=""flex flex-grow flex-col gap-3 max-w-full"">\n<div class=""min-h-[20px] flex flex-col items-start gap-3 whitespace-pre-wrap break-words overflow-x-auto"">\n<div class=""markdown prose w-full break-words dark:prose-invert dark"">\n<ul>\n 	<li><strong>Türkçe:</strong> Yoğurt, taze nane ve baharatlar ile hazırlanan soğuk yoğurt çorbası, özellikle sıcak yaz günlerinde ferahlatıcı bir seçenektir.</li>\n</ul>\n&nbsp;\n<ul>\n 	<li><strong>English:</strong> Prepared with yogurt, fresh mint, and spices, cold yogurt soup is a refreshing choice, especially on hot summer days.</li>\n 	<li style=""list-style-type: none;""></li>\n</ul>\n</div>\n</div>\n</div>\n<div class=""flex justify-between empty:hidden gizmo:justify-start gizmo:gap-3 lg:block"">\n<div class=""text-gray-400 flex self-end lg:self-center justify-center gizmo:lg:justify-start mt-2 gizmo:mt-0 visible lg:gap-1 lg:absolute lg:top-0 lg:translate-x-full lg:right-0 lg:mt-0 lg:pl-2 gap-2 md:gap-3""><button class=""flex ml-auto gizmo:ml-0 gap-2 items-center rounded-md p-1 text-xs gizmo:gap-1.5 gizmo:pl-0 dark:text-gray-400 dark:hover:bg-gray-700 dark:hover:text-gray-200 disabled:dark:hover:text-gray-400 hover:bg-gray-100 hover:text-gray-700""></button>\n<div class=""flex gap-1 gizmo:gap-3""></div>\n</div>\n</div>\n</div>\n</div>\n</div>\n</div>\n</div>\n<div class=""h-32 md:h-48 flex-shrink-0""></div>\n<button class=""cursor-pointer absolute z-10 rounded-full border text-gray-600 dark:border-white/10 dark:bg-white/10 dark:text-gray-200 right-6 bottom-[124px] md:bottom-[180px] gizmo:md:bottom-[143px] lg:bottom-[120px] border-gray-200 bg-gray-50""></button></div>\n</div>\n</div>\n</div>\n<div class=""w-full pt-2 border-t md:border-t-0 dark:border-white/20 md:border-transparent md:dark:border-transparent md:pl-2 md:w-[calc(100%-.5rem)] absolute bottom-0 left-0 md:bg-vert-light-gradient bg-white dark:bg-gray-800 md:!bg-transparent dark:md:bg-vert-dark-gradient""><form class=""stretch mx-2 flex flex-row gap-3 last:mb-2 md:mx-4 md:last:mb-6 lg:mx-auto lg:max-w-2xl xl:max-w-3xl"">\n<div class=""relative flex h-full flex-1 items-stretch md:flex-col"">\n<div>\n<div class=""h-full flex ml-1 md:w-full md:m-auto md:mb-4 gap-0 md:gap-2 justify-center""></div>\n</div>\n</div>\n</form></div>",,,taxable,,1,,,0,0,,,,,0,,,15,"Corbalar (Soups)",,,https://mezzesalade.nl/wp-content/uploads/2023/01/Soguk-Yogut-Corbasi.jpeg,,,,,,,,,0,,,,,,,,,,
846,simple,,,"Kofteli Patlican Sarma",1,0,visible,,"<ul>\n 	<li><strong>Türkçe:</strong> Köfte ve patlıcanın mükemmel birleşimi ile hazırlanan, lezzetli bir sarma yemeği.</li>\n</ul>\n&nbsp;\n<ul>\n 	<li><strong>English:</strong> A tasty wrap dish prepared with the perfect combination of meatballs and eggplant.</li>\n</ul>",,,taxable,,1,,,0,0,,,,,0,,,21,"Köfte Kebap",,,https://mezzesalade.nl/wp-content/uploads/2023/10/WhatsApp-Image-2023-10-07-at-14.13.04.jpeg,,,,,,,,,0,,,,,,,,,,
848,simple,,,"Dana Rosto ve Patates Pure",1,0,visible,,,,,taxable,,1,,,0,0,,,,,0,,,24,"Köfte Kebap",,,https://mezzesalade.nl/wp-content/uploads/2023/10/WhatsApp-Image-2023-10-02-at-18.16.25.jpeg,,,,,,,,,0,,,,,,,,,,
849,variable,,,Sinkonta,1,0,visible,,"**Türkçe:**\n\nKabak sinkonta, kabak başta olmak üzere çeşitli sebzelerin, zeytinyağı ile yavaşça pişirildiği Ege mutfağına ait bir yemektir. Genellikle soğuk servis yapılır ve yaz aylarında oldukça popülerdir.\n\n**English:**\n\nKabak sinkonta is a dish from the Aegean cuisine, where squash and various other vegetables are slowly cooked with olive oil. It's typically served cold and is especially popular during the summer months.",,,taxable,,1,,,0,0,,,,,0,,,,Mezeler,,,https://mezzesalade.nl/wp-content/uploads/2023/10/WhatsApp-Image-2023-10-07-at-14.27.49.jpeg,,,,,,,,,0,,Aci,"Acili - Spicy, Acisiz - Not Spicy",1,1,,,,,
850,simple,,,"Karnabahar Salatası",1,0,visible,,"<ul>\n 	<li><strong>Türkçe:</strong> Kuzu ve dana karışık kıyma ile karnıbaharın mükemmel uyumu, baharatlarla tatlandırılır.</li>\n</ul>\n&nbsp;\n<ul>\n 	<li><strong>English:</strong> The perfect harmony of mixed lamb and beef mince with cauliflower, seasoned with spices.</li>\n</ul>",,,taxable,,1,,,0,0,,,,,0,,,18,Salatalar,,,https://mezzesalade.nl/wp-content/uploads/2023/01/WhatsApp-Image-2023-10-07-at-13.22.40.jpeg,,,,,,,,,0,,,,,,,,,,
853,simple,,,"Mantarli Sebze Yemegi",1,0,visible,,,,,taxable,,1,,,0,0,,,,,0,,,17,"Zeytinyağli Yemekler",,,https://mezzesalade.nl/wp-content/uploads/2023/01/WhatsApp-Image-2023-10-07-at-13.17.03.jpeg,,,,,,,,,0,,,,,,,,,,
855,simple,,,"Kabak Şayan",1,0,visible,,,,,taxable,,1,,,0,0,,,,,0,,,18,Mezeler,,,https://mezzesalade.nl/wp-content/uploads/2023/10/Screenshot-2023-10-07-at-14.39.29.png,,,,,,,,,0,,,,,,,,,,
857,variation,,,"Kuru Dolma - Meat",1,0,visible,,,,,taxable,parent,1,,,0,0,0.5,,,,0,,,22,,,,,,,id:84,,,,,,1,,"Meat Option",Meat,,0,,,,,
858,variation,,,"Kuru Dolma - Olive Oil",1,0,visible,,,,,taxable,parent,1,,,0,0,0.5,,,,0,,,20,,,,,,,id:84,,,,,,2,,"Meat Option","Olive Oil",,0,,,,,
859,variation,,,"Firin Biber Dolma - Meat",1,0,visible,,,,,taxable,parent,1,,,0,0,0.5,,,,0,,,22,,,,,,,id:841,,,,,,1,,"Meat - Olive Oil",Meat,,1,,,,,
860,variation,,,"Firin Biber Dolma - Olive Oil",1,0,visible,,,,,taxable,parent,1,,,0,0,0.5,,,,0,,,20,,,,,,,id:841,,,,,,2,,"Meat - Olive Oil","Olive Oil",,1,,,,,
861,variation,,,"Lahana Sarma - Meat",1,0,visible,,,,,taxable,parent,1,,,0,0,,,,,0,,,22,,,,,,,id:102,,,,,,1,,"Meat - Olive Oil",Meat,,1,,,,,
862,variation,,,"Lahana Sarma - Olive Oil",1,0,visible,,,,,taxable,parent,1,,,0,0,,,,,0,,,20,,,,,,,id:102,,,,,,2,,"Meat - Olive Oil","Olive Oil",,1,,,,,
864,variation,,,"Milfoy Borek (Sosili / Peynirli / Kıymalı) - Kiymali - With Ground Meat",1,0,visible,,"20 adet",,,taxable,parent,1,,,0,0,0.5,,,,0,,,20,,,,,,,id:753,,,,,,1,,Content,"Kiymali - With Ground Meat",,1,,,,,
865,variation,,,"Milfoy Borek (Sosili / Peynirli / Kıymalı) - Peynirli - With Cheese",1,0,visible,,"20 adet",,,taxable,parent,1,,,0,0,0.5,,,,0,,,18,,,,,,,id:753,,,,,,2,,Content,"Peynirli - With Cheese",,1,,,,,
866,variation,,,"Milfoy Borek (Sosili / Peynirli / Kıymalı) - Sosisli - With Sausage",1,0,visible,,"20 adet",,,taxable,parent,1,,,0,0,0.5,,,,0,,,20,,,,,,,id:753,,,,,,3,,Content,"Sosisli - With Sausage",,1,,,,,
868,variation,,,Sinkonta,1,0,visible,,,,,taxable,parent,1,,,0,0,,,,,0,,,18,,,,,,,id:849,,,,,,1,,Aci,,,1,,,,,
896,simple,,,"Yogurtlu Patlıcan",1,0,visible,,,,,taxable,,1,,,0,0,,,,,0,,,18,Mezeler,,,https://mezzesalade.nl/wp-content/uploads/2025/04/YOGURTLU-PATLICAN.jpeg,,,,,,,,,0,,,,,,,,,,
1018,simple,,,"Mangal Kofte",1,0,visible,,,,,taxable,,1,,,0,0,,,,,0,,,45,"Köfte Kebap",,,,,,,,,,,,0,,,,,,,,,,
